Student_ID,Study_Hours_Per_Day,Attendance_Rate_Percentage,Sleep_Hours_Per_Day,Extracurricular_Hours_Per_Week,Stress_Level,Exam_Score,Passed
STU_0001,3.66,75,6.19,7,Moderate,77.19,Yes
STU_0002,2.84,68,6.83,0,High,73.55,Yes
STU_0003,3.89,66,6.05,7,High,83.84,Yes
STU_0004,5.52,66,6.63,5,High,100.0,Yes
STU_0005,2.74,66,4.73,3,High,61.27,Yes
STU_0006,2.74,64,7.26,12,Moderate,76.34,Yes
STU_0007,5.65,79,7.0,13,High,83.56,Yes
STU_0008,4.08,71,6.02,11,Moderate,82.06,Yes
STU_0009,2.49,68,7.79,7,High,66.39,Yes
STU_0010,3.73,60,8.13,2,High,85.37,Yes
STU_0011,2.5,70,5.07,12,High,71.18,Yes
STU_0012,2.49,61,6.08,3,High,56.96,Yes
STU_0013,3.31,79,6.08,14,Moderate,73.92,Yes
STU_0014,1.4,50,5.87,5,High,55.59,Yes
STU_0015,1.51,69,8.0,10,High,60.17,Yes
STU_0016,2.4,61,6.77,6,High,62.67,Yes
STU_0017,2.0,52,6.68,3,Moderate,56.75,Yes
STU_0018,3.41,59,4.6,3,Moderate,82.37,Yes
STU_0019,2.09,55,7.76,6,High,58.26,Yes
STU_0020,1.71,60,5.51,5,High,59.4,Yes
STU_0021,5.4,75,7.07,12,High,100.0,Yes
STU_0022,2.74,56,7.33,10,High,57.81,Yes
STU_0023,3.09,62,8.63,7,High,59.69,Yes
STU_0024,1.7,73,5.43,0,High,70.17,Yes
STU_0025,2.42,73,4.0,9,Moderate,65.67,Yes
STU_0026,3.14,66,7.22,12,High,73.65,Yes
STU_0027,1.9,57,9.16,10,High,54.85,Yes
STU_0028,3.49,64,8.49,6,High,77.02,Yes
STU_0029,2.36,64,7.25,11,High,80.59,Yes
STU_0030,2.67,52,6.41,6,High,73.72,Yes
STU_0031,2.36,57,7.97,10,Moderate,72.6,Yes
STU_0032,6.3,61,5.83,6,Moderate,94.97,Yes
STU_0033,2.99,65,7.57,6,High,65.19,Yes
STU_0034,1.97,63,7.61,9,High,40.89,Yes
STU_0035,4.17,62,8.27,13,High,78.82,Yes
STU_0036,1.84,69,10.31,9,High,71.75,Yes
STU_0037,3.27,53,7.47,7,High,77.74,Yes
STU_0038,1.37,43,6.39,8,High,49.83,Yes
STU_0039,1.77,58,6.97,8,High,59.92,Yes
STU_0040,3.25,71,4.88,1,High,73.29,Yes
STU_0041,4.04,79,6.17,12,High,90.74,Yes
STU_0042,3.22,59,6.51,12,High,81.03,Yes
STU_0043,2.87,70,6.37,6,High,61.77,Yes
STU_0044,2.66,60,7.18,6,High,72.0,Yes
STU_0045,1.66,55,6.01,3,High,65.56,Yes
STU_0046,2.25,66,8.35,8,Moderate,63.98,Yes
STU_0047,2.5,65,7.0,7,High,75.11,Yes
STU_0048,4.59,55,6.99,11,High,100.0,Yes
STU_0049,3.45,75,6.61,0,High,81.17,Yes
STU_0050,1.48,66,7.19,1,High,62.75,Yes
STU_0051,3.42,58,7.99,12,Moderate,70.7,Yes
STU_0052,2.58,63,5.96,14,High,71.15,Yes
STU_0053,2.29,63,6.21,12,High,70.48,Yes
STU_0054,3.84,67,6.64,1,Moderate,85.06,Yes
STU_0055,4.54,63,5.38,11,High,81.14,Yes
STU_0056,4.36,62,6.02,11,Moderate,88.85,Yes
STU_0057,2.15,58,6.43,10,High,75.6,Yes
STU_0058,2.65,69,8.05,14,High,75.79,Yes
STU_0059,3.43,68,7.32,14,Moderate,87.4,Yes
STU_0060,4.44,64,7.23,7,High,86.7,Yes
STU_0061,2.48,66,8.02,14,High,75.6,Yes
STU_0062,2.79,40,6.84,0,High,67.13,Yes
STU_0063,1.93,66,7.47,3,High,56.49,Yes
STU_0064,1.86,43,6.88,9,High,59.05,Yes
STU_0065,4.16,63,7.32,11,Moderate,77.57,Yes
STU_0066,5.17,61,6.3,4,High,89.94,Yes
STU_0067,2.92,51,4.07,8,High,71.01,Yes
STU_0068,4.49,77,6.84,6,High,95.38,Yes
STU_0069,3.47,60,8.71,7,High,68.19,Yes
STU_0070,2.32,62,8.11,13,High,75.23,Yes
STU_0071,3.47,63,8.16,10,Moderate,83.18,Yes
STU_0072,5.56,76,8.48,8,High,97.76,Yes
STU_0073,2.96,62,7.11,12,High,60.9,Yes
STU_0074,5.62,62,7.24,6,High,98.64,Yes
STU_0075,1.05,62,6.26,4,High,50.53,Yes
STU_0076,4.17,62,6.62,12,High,86.21,Yes
STU_0077,3.11,49,7.74,14,High,67.9,Yes
STU_0078,2.67,57,8.44,4,High,52.74,Yes
STU_0079,3.12,74,6.83,9,High,75.29,Yes
STU_0080,1.36,62,6.46,10,High,54.76,Yes
STU_0081,2.75,58,7.0,5,High,74.97,Yes
STU_0082,3.47,61,7.72,4,High,72.41,Yes
STU_0083,5.43,69,5.27,12,Moderate,100.0,Yes
STU_0084,2.44,76,4.24,11,High,56.91,Yes
STU_0085,2.17,61,6.34,10,High,75.49,Yes
STU_0086,2.46,63,5.54,8,High,66.71,Yes
STU_0087,4.33,75,6.39,2,High,97.68,Yes
STU_0088,3.43,65,6.82,2,High,79.44,Yes
STU_0089,2.43,57,6.46,14,Moderate,75.52,Yes
STU_0090,3.69,63,8.74,6,High,77.7,Yes
STU_0091,3.12,61,7.39,6,Moderate,65.71,Yes
STU_0092,4.43,67,7.36,5,High,100.0,Yes
STU_0093,2.27,64,7.75,2,High,65.99,Yes
STU_0094,2.64,60,5.63,13,High,71.17,Yes
STU_0095,2.57,66,8.25,12,High,80.38,Yes
STU_0096,1.67,56,6.91,6,High,50.24,Yes
STU_0097,3.38,64,7.8,4,High,82.76,Yes
STU_0098,3.33,47,5.71,6,High,67.68,Yes
STU_0099,3.01,69,5.14,1,High,74.74,Yes
STU_0100,2.74,63,7.98,5,High,71.88,Yes
STU_0101,1.71,64,7.45,13,High,49.3,Yes
STU_0102,2.54,40,5.92,7,High,56.17,Yes
STU_0103,2.62,77,5.96,0,High,85.11,Yes
STU_0104,2.18,57,8.35,3,High,70.99,Yes
STU_0105,2.82,70,5.57,10,High,73.7,Yes
STU_0106,3.53,55,8.97,0,High,78.74,Yes
STU_0107,6.39,80,5.92,13,Moderate,100.0,Yes
STU_0108,3.22,54,7.77,0,High,84.25,Yes
STU_0109,3.33,58,6.61,9,High,74.1,Yes
STU_0110,2.92,76,7.72,11,Moderate,78.85,Yes
STU_0111,1.39,54,6.35,13,High,64.27,Yes
STU_0112,2.97,63,6.8,13,High,67.38,Yes
STU_0113,3.08,69,7.05,10,High,88.97,Yes
STU_0114,8.05,86,5.8,7,Moderate,100.0,Yes
STU_0115,2.78,62,7.89,6,High,84.44,Yes
STU_0116,3.39,66,6.38,11,High,75.72,Yes
STU_0117,2.96,81,6.73,9,High,76.96,Yes
STU_0118,1.88,57,5.81,12,High,45.78,Yes
STU_0119,4.75,70,4.0,0,High,89.86,Yes
STU_0120,4.06,74,6.77,10,High,79.48,Yes
STU_0121,4.12,75,9.9,13,High,83.84,Yes
STU_0122,2.09,67,7.94,12,High,64.9,Yes
STU_0123,5.27,76,6.98,1,High,100.0,Yes
STU_0124,1.71,47,6.68,3,High,57.86,Yes
STU_0125,3.8,78,7.03,0,High,88.86,Yes
STU_0126,7.22,69,7.66,2,High,100.0,Yes
STU_0127,2.02,60,5.58,7,Moderate,56.15,Yes
STU_0128,2.4,53,8.34,7,High,79.29,Yes
STU_0129,3.13,62,7.86,7,High,69.02,Yes
STU_0130,2.46,62,7.86,5,High,81.45,Yes
STU_0131,1.62,59,7.53,5,High,56.96,Yes
STU_0132,3.09,65,7.02,4,High,75.42,Yes
STU_0133,1.96,70,7.81,12,Moderate,74.16,Yes
STU_0134,3.63,68,7.71,8,High,91.88,Yes
STU_0135,2.08,56,6.58,3,High,61.71,Yes
STU_0136,5.58,80,6.31,9,High,100.0,Yes
STU_0137,2.2,68,7.12,14,High,66.95,Yes
STU_0138,2.64,50,8.86,11,High,69.1,Yes
STU_0139,4.16,71,5.51,11,High,95.03,Yes
STU_0140,1.84,62,5.24,11,High,62.03,Yes
STU_0141,3.29,60,7.2,6,High,80.85,Yes
STU_0142,5.07,81,7.06,0,Moderate,100.0,Yes
STU_0143,1.58,55,7.21,14,High,60.35,Yes
STU_0144,3.23,63,7.29,8,High,78.69,Yes
STU_0145,3.33,61,6.73,6,High,64.45,Yes
STU_0146,4.11,66,8.79,9,High,64.85,Yes
STU_0147,1.83,48,5.08,11,High,60.81,Yes
STU_0148,1.77,45,6.01,8,High,55.44,Yes
STU_0149,3.7,77,6.88,6,High,80.98,Yes
STU_0150,3.38,56,5.03,1,Moderate,77.55,Yes
STU_0151,3.32,55,6.79,14,High,74.22,Yes
STU_0152,3.45,46,8.99,5,High,82.32,Yes
STU_0153,2.29,54,7.03,9,Moderate,64.79,Yes
STU_0154,3.3,52,7.28,11,High,67.62,Yes
STU_0155,3.38,76,5.49,10,Moderate,89.52,Yes
STU_0156,2.26,67,6.26,3,Moderate,65.96,Yes
STU_0157,6.34,69,6.55,2,Moderate,100.0,Yes
STU_0158,3.63,82,6.62,1,High,82.08,Yes
STU_0159,1.87,65,8.54,5,High,58.0,Yes
STU_0160,3.91,63,7.67,7,High,83.67,Yes
STU_0161,2.03,40,5.67,5,High,57.4,Yes
STU_0162,4.12,84,7.3,8,High,95.24,Yes
STU_0163,4.78,58,7.6,13,Moderate,88.05,Yes
STU_0164,2.16,45,8.37,4,High,45.41,Yes
STU_0165,4.42,75,8.9,1,Moderate,88.24,Yes
STU_0166,3.54,83,5.78,7,Moderate,91.65,Yes
STU_0167,4.17,77,6.03,8,High,87.42,Yes
STU_0168,6.42,80,5.49,13,High,100.0,Yes
STU_0169,2.72,65,6.72,9,High,79.59,Yes
STU_0170,2.22,65,7.56,3,High,61.0,Yes
STU_0171,2.1,64,8.18,5,High,52.86,Yes
STU_0172,2.17,60,6.91,14,High,63.41,Yes
STU_0173,2.91,62,6.62,10,Moderate,68.83,Yes
STU_0174,3.44,63,7.18,9,High,70.57,Yes
STU_0175,3.36,57,6.0,7,Moderate,74.3,Yes
STU_0176,4.18,64,9.51,8,Moderate,89.93,Yes
STU_0177,3.02,48,5.07,11,Moderate,69.53,Yes
STU_0178,5.37,70,7.22,4,Moderate,100.0,Yes
STU_0179,2.7,52,9.43,11,High,82.11,Yes
STU_0180,8.92,76,7.01,5,Moderate,100.0,Yes
STU_0181,3.86,66,6.77,10,High,85.63,Yes
STU_0182,2.13,69,6.57,3,High,62.93,Yes
STU_0183,1.96,65,6.78,4,High,57.33,Yes
STU_0184,3.64,51,8.65,6,High,72.02,Yes
STU_0185,2.75,53,4.35,8,High,64.57,Yes
STU_0186,4.0,73,8.84,9,High,89.78,Yes
STU_0187,3.63,56,5.29,10,Moderate,96.89,Yes
STU_0188,2.92,59,6.68,12,High,66.17,Yes
STU_0189,2.14,62,6.48,5,High,61.67,Yes
STU_0190,1.64,48,7.71,13,High,55.3,Yes
STU_0191,2.51,60,5.08,5,High,71.27,Yes
STU_0192,4.23,56,7.55,7,High,86.21,Yes
STU_0193,3.27,58,9.43,10,High,85.37,Yes
STU_0194,1.83,59,5.36,3,High,41.59,Yes
STU_0195,3.22,50,7.23,2,Moderate,53.1,Yes
STU_0196,3.5,67,6.21,13,Moderate,76.13,Yes
STU_0197,2.11,58,7.51,6,High,72.28,Yes
STU_0198,3.19,67,7.02,4,Moderate,64.47,Yes
STU_0199,3.07,64,6.23,1,High,50.84,Yes
STU_0200,1.9,68,7.59,1,High,68.97,Yes
STU_0201,3.47,64,9.17,10,High,80.85,Yes
STU_0202,3.76,61,6.77,5,High,72.18,Yes
STU_0203,4.63,69,7.86,7,High,84.12,Yes
STU_0204,4.58,72,5.45,0,High,84.64,Yes
STU_0205,1.73,57,5.85,14,High,60.28,Yes
STU_0206,2.06,58,7.57,10,High,57.99,Yes
STU_0207,3.69,59,8.78,5,Moderate,83.55,Yes
STU_0208,3.69,59,7.43,11,High,56.76,Yes
STU_0209,3.69,53,6.62,1,High,70.95,Yes
STU_0210,12.0,100,7.0,1,Moderate,100.0,Yes
STU_0211,3.77,55,5.5,6,High,77.15,Yes
STU_0212,4.73,63,7.73,9,Moderate,86.9,Yes
STU_0213,4.4,61,8.06,0,High,93.68,Yes
STU_0214,3.9,72,6.46,5,High,70.73,Yes
STU_0215,2.65,58,6.44,13,High,69.26,Yes
STU_0216,4.07,76,7.32,6,High,92.97,Yes
STU_0217,2.21,53,6.48,13,Moderate,77.85,Yes
STU_0218,2.73,63,6.92,7,High,67.35,Yes
STU_0219,2.47,53,9.52,6,High,68.2,Yes
STU_0220,3.1,79,6.7,5,High,65.27,Yes
STU_0221,7.58,70,6.57,8,Moderate,100.0,Yes
STU_0222,1.42,58,6.22,12,High,63.36,Yes
STU_0223,3.95,70,7.89,2,High,85.46,Yes
STU_0224,1.58,59,6.78,10,High,67.93,Yes
STU_0225,2.49,58,6.22,5,High,56.31,Yes
STU_0226,4.64,67,8.59,3,Moderate,95.66,Yes
STU_0227,3.08,62,8.7,1,High,89.35,Yes
STU_0228,1.95,56,6.28,0,High,64.66,Yes
STU_0229,2.26,66,4.76,11,High,69.61,Yes
STU_0230,3.94,83,8.21,11,High,89.37,Yes
STU_0231,2.24,54,6.18,13,High,51.03,Yes
STU_0232,3.28,52,7.95,0,Moderate,84.24,Yes
STU_0233,3.06,61,4.64,10,Moderate,69.01,Yes
STU_0234,2.31,79,8.07,9,High,75.84,Yes
STU_0235,7.08,71,5.55,2,Moderate,100.0,Yes
STU_0236,3.87,78,7.88,3,High,77.66,Yes
STU_0237,1.34,68,7.02,1,High,70.28,Yes
STU_0238,3.24,58,5.86,12,Moderate,72.02,Yes
STU_0239,2.31,63,6.51,11,High,78.63,Yes
STU_0240,4.22,79,7.82,10,High,90.27,Yes
STU_0241,2.19,55,7.13,10,High,48.66,Yes
STU_0242,2.87,59,7.7,13,High,78.54,Yes
STU_0243,3.68,60,9.37,10,Moderate,75.08,Yes
STU_0244,4.25,58,5.12,0,High,90.49,Yes
STU_0245,1.86,52,8.94,3,High,59.4,Yes
STU_0246,2.63,50,7.13,14,High,53.96,Yes
STU_0247,2.48,60,5.92,6,High,69.11,Yes
STU_0248,2.31,53,5.4,9,High,81.57,Yes
STU_0249,6.09,76,6.77,10,High,100.0,Yes
STU_0250,3.53,51,8.11,5,Moderate,75.14,Yes
STU_0251,1.81,59,6.85,5,High,69.4,Yes
STU_0252,4.34,74,8.81,10,High,92.29,Yes
STU_0253,7.02,62,5.26,8,High,100.0,Yes
STU_0254,4.54,71,6.99,13,High,82.97,Yes
STU_0255,1.64,66,5.5,14,High,63.07,Yes
STU_0256,2.48,50,7.44,1,High,73.08,Yes
STU_0257,4.99,83,8.06,3,Moderate,93.11,Yes
STU_0258,2.26,62,6.5,4,High,77.6,Yes
STU_0259,3.59,58,4.0,0,High,77.57,Yes
STU_0260,4.1,65,7.24,7,High,78.4,Yes
STU_0261,2.07,62,7.52,7,High,72.28,Yes
STU_0262,2.93,62,7.49,5,High,70.61,Yes
STU_0263,0.82,57,8.48,11,High,56.38,Yes
STU_0264,1.99,50,5.71,4,High,57.57,Yes
STU_0265,2.72,62,7.82,7,High,70.32,Yes
STU_0266,1.82,45,8.43,2,High,60.65,Yes
STU_0267,5.77,72,4.87,2,Moderate,100.0,Yes
STU_0268,1.7,49,7.38,1,High,40.74,Yes
STU_0269,2.52,54,6.39,4,High,57.43,Yes
STU_0270,3.17,72,6.9,2,High,85.74,Yes
STU_0271,5.35,80,7.42,2,Moderate,100.0,Yes
STU_0272,1.69,61,6.42,14,High,56.01,Yes
STU_0273,4.78,60,6.19,5,High,79.93,Yes
STU_0274,3.02,59,7.04,7,High,64.26,Yes
STU_0275,2.03,67,5.7,1,High,49.23,Yes
STU_0276,3.61,65,5.7,3,High,79.79,Yes
STU_0277,3.25,81,7.82,10,High,77.01,Yes
STU_0278,2.36,62,5.62,6,High,59.47,Yes
STU_0279,3.09,63,7.8,0,High,74.26,Yes
STU_0280,2.58,57,7.56,0,High,70.81,Yes
STU_0281,3.14,63,4.93,11,High,92.05,Yes
STU_0282,3.92,64,6.19,12,High,71.3,Yes
STU_0283,5.67,78,8.43,9,Low,100.0,Yes
STU_0284,1.83,64,5.82,6,High,70.28,Yes
STU_0285,7.05,71,6.44,13,Moderate,100.0,Yes
STU_0286,1.38,44,7.55,6,High,53.63,Yes
STU_0287,2.83,46,7.94,0,High,63.44,Yes
STU_0288,3.8,69,6.7,0,High,85.19,Yes
STU_0289,3.36,54,6.28,3,High,86.87,Yes
STU_0290,2.34,42,8.71,4,High,65.84,Yes
STU_0291,2.76,64,9.09,4,High,75.87,Yes
STU_0292,2.47,79,8.17,3,Moderate,69.96,Yes
STU_0293,2.37,59,7.1,7,High,54.53,Yes
STU_0294,4.22,73,6.03,6,High,87.43,Yes
STU_0295,3.47,64,6.0,8,Moderate,88.55,Yes
STU_0296,2.28,58,7.63,6,High,52.98,Yes
STU_0297,4.31,74,7.5,14,High,81.86,Yes
STU_0298,3.4,61,8.68,9,Moderate,78.31,Yes
STU_0299,4.16,68,7.78,0,Moderate,79.12,Yes
STU_0300,3.86,68,5.2,12,High,77.66,Yes
STU_0301,2.16,53,8.26,13,High,59.11,Yes
STU_0302,2.4,67,5.8,6,High,58.18,Yes
STU_0303,4.05,64,6.54,0,High,76.91,Yes
STU_0304,3.83,59,7.3,6,Moderate,86.63,Yes
STU_0305,2.98,66,9.39,9,High,64.14,Yes
STU_0306,3.15,55,10.73,7,High,60.22,Yes
STU_0307,5.01,70,7.73,10,High,91.06,Yes
STU_0308,2.37,59,6.78,8,High,72.26,Yes
STU_0309,3.74,73,7.64,11,High,82.72,Yes
STU_0310,2.77,64,8.07,2,High,68.18,Yes
STU_0311,2.75,60,6.62,14,Moderate,70.85,Yes
STU_0312,4.66,75,9.15,3,High,80.13,Yes
STU_0313,4.18,77,7.28,3,High,93.86,Yes
STU_0314,4.16,71,7.6,11,Moderate,90.97,Yes
STU_0315,5.06,70,7.8,8,Moderate,93.33,Yes
STU_0316,3.03,51,7.51,12,High,78.65,Yes
STU_0317,3.95,57,8.01,6,High,72.58,Yes
STU_0318,2.65,58,6.26,2,High,77.92,Yes
STU_0319,3.42,58,6.33,9,High,77.84,Yes
STU_0320,2.85,59,5.68,4,High,68.51,Yes
STU_0321,3.12,62,7.53,6,High,74.64,Yes
STU_0322,3.81,69,7.93,7,Moderate,82.94,Yes
STU_0323,2.17,58,7.55,0,Moderate,73.86,Yes
STU_0324,6.94,81,9.01,11,Moderate,100.0,Yes
STU_0325,2.01,58,6.99,1,High,56.4,Yes
STU_0326,1.85,41,7.8,6,High,64.09,Yes
STU_0327,4.77,61,5.69,10,High,86.24,Yes
STU_0328,4.12,65,6.54,14,High,92.9,Yes
STU_0329,3.86,55,7.83,12,Moderate,93.7,Yes
STU_0330,3.86,70,8.02,13,High,81.39,Yes
STU_0331,2.99,74,6.65,12,High,82.55,Yes
STU_0332,2.1,68,6.91,14,Moderate,57.17,Yes
STU_0333,3.1,60,5.18,1,High,80.04,Yes
STU_0334,2.29,71,6.57,6,High,70.8,Yes
STU_0335,4.44,68,8.07,14,High,93.58,Yes
STU_0336,2.83,58,7.69,8,Moderate,65.54,Yes
STU_0337,2.16,53,7.6,10,Moderate,49.21,Yes
STU_0338,2.64,58,7.06,1,High,72.83,Yes
STU_0339,3.54,61,7.01,6,High,62.19,Yes
STU_0340,2.4,60,6.21,3,High,64.46,Yes
STU_0341,2.16,59,7.84,10,High,71.83,Yes
STU_0342,3.31,63,7.51,12,High,78.54,Yes
STU_0343,3.31,66,7.59,1,Moderate,93.49,Yes
STU_0344,2.45,69,6.37,12,High,78.4,Yes
STU_0345,2.49,67,4.42,6,High,64.77,Yes
STU_0346,3.3,51,8.32,12,High,73.52,Yes
STU_0347,1.68,40,6.43,4,High,53.42,Yes
STU_0348,1.71,64,5.96,0,High,48.64,Yes
STU_0349,2.25,48,7.83,4,High,54.38,Yes
STU_0350,2.76,59,6.53,11,High,65.81,Yes
STU_0351,3.4,54,8.27,11,High,58.91,Yes
STU_0352,5.42,57,7.74,2,Moderate,96.68,Yes
STU_0353,4.23,71,7.82,6,High,86.61,Yes
STU_0354,2.82,67,5.36,5,High,59.92,Yes
STU_0355,2.98,57,8.45,7,High,75.13,Yes
STU_0356,2.01,40,7.31,12,High,62.83,Yes
STU_0357,2.98,57,6.56,4,High,73.72,Yes
STU_0358,2.68,63,7.17,1,Moderate,68.11,Yes
STU_0359,3.42,51,4.87,8,High,79.23,Yes
STU_0360,2.16,60,7.49,13,High,70.04,Yes
STU_0361,3.7,64,5.76,10,Moderate,83.66,Yes
STU_0362,5.55,76,5.38,7,Moderate,96.7,Yes
STU_0363,2.88,62,5.17,5,Moderate,74.61,Yes
STU_0364,3.53,56,8.34,12,Moderate,86.66,Yes
STU_0365,3.96,75,6.24,9,Moderate,82.33,Yes
STU_0366,2.56,58,8.84,6,High,84.78,Yes
STU_0367,3.29,62,6.36,8,High,72.29,Yes
STU_0368,3.02,54,4.95,6,High,71.66,Yes
STU_0369,3.12,58,5.66,2,High,68.22,Yes
STU_0370,2.21,51,8.48,5,High,64.19,Yes
STU_0371,3.03,60,6.81,10,High,59.36,Yes
STU_0372,3.67,78,6.34,12,Moderate,80.73,Yes
STU_0373,5.37,60,7.19,10,High,87.96,Yes
STU_0374,4.41,54,7.6,6,High,86.38,Yes
STU_0375,7.11,90,8.34,1,Low,100.0,Yes
STU_0376,2.21,57,8.74,2,High,69.37,Yes
STU_0377,4.26,61,6.57,3,High,66.93,Yes
STU_0378,3.23,71,5.41,9,Moderate,94.94,Yes
STU_0379,7.21,73,6.5,5,High,100.0,Yes
STU_0380,2.17,73,7.31,0,High,62.39,Yes
STU_0381,2.15,64,5.84,8,High,66.96,Yes
STU_0382,2.36,55,5.85,4,High,66.51,Yes
STU_0383,1.28,72,7.41,12,High,54.07,Yes
STU_0384,2.43,54,6.94,11,High,67.08,Yes
STU_0385,2.22,64,7.04,13,High,61.54,Yes
STU_0386,3.19,65,6.09,6,High,73.17,Yes
STU_0387,3.44,74,6.72,8,High,76.11,Yes
STU_0388,6.36,87,5.89,8,Moderate,100.0,Yes
STU_0389,4.39,67,8.07,0,High,90.17,Yes
STU_0390,2.39,53,8.24,14,High,69.48,Yes
STU_0391,2.1,62,4.78,0,Moderate,68.72,Yes
STU_0392,3.66,59,5.88,2,Moderate,85.86,Yes
STU_0393,1.77,73,5.2,5,High,67.19,Yes
STU_0394,6.25,76,6.22,1,Moderate,100.0,Yes
STU_0395,4.82,66,6.9,9,High,99.72,Yes
STU_0396,2.49,61,5.26,11,Moderate,57.34,Yes
STU_0397,1.51,45,5.89,10,High,46.39,Yes
STU_0398,5.16,62,5.8,0,High,87.49,Yes
STU_0399,2.87,71,7.25,0,High,83.64,Yes
STU_0400,4.93,64,7.08,12,Moderate,100.0,Yes
STU_0401,1.59,47,6.13,4,High,58.9,Yes
STU_0402,2.36,63,7.21,3,High,76.08,Yes
STU_0403,3.01,71,6.34,0,High,69.37,Yes
STU_0404,3.06,67,6.67,3,High,78.49,Yes
STU_0405,2.51,68,9.01,2,High,69.5,Yes
STU_0406,3.85,59,8.61,1,Moderate,87.98,Yes
STU_0407,1.96,46,5.44,8,High,57.48,Yes
STU_0408,2.84,73,8.0,13,High,72.22,Yes
STU_0409,3.15,60,7.97,14,High,78.83,Yes
STU_0410,3.69,62,5.62,10,High,87.51,Yes
STU_0411,3.99,76,7.98,0,Moderate,82.35,Yes
STU_0412,1.92,62,8.85,6,High,62.31,Yes
STU_0413,1.63,60,5.65,13,High,50.83,Yes
STU_0414,5.01,87,5.9,12,Moderate,81.22,Yes
STU_0415,3.43,58,8.22,3,High,78.3,Yes
STU_0416,2.23,66,7.33,4,High,71.97,Yes
STU_0417,5.59,72,7.66,9,High,100.0,Yes
STU_0418,3.15,64,7.41,4,High,60.1,Yes
STU_0419,4.81,81,7.47,0,Moderate,94.59,Yes
STU_0420,3.09,66,5.41,5,High,57.95,Yes
STU_0421,6.85,81,8.26,12,Moderate,100.0,Yes
STU_0422,6.06,82,8.4,8,Moderate,100.0,Yes
STU_0423,2.72,57,6.72,1,High,79.34,Yes
STU_0424,4.43,61,6.95,6,High,95.17,Yes
STU_0425,3.89,57,5.16,5,Moderate,73.8,Yes
STU_0426,5.19,55,7.62,4,High,84.34,Yes
STU_0427,2.04,74,7.69,3,High,70.4,Yes
STU_0428,3.95,56,6.93,3,High,74.55,Yes
STU_0429,4.59,66,8.35,5,High,91.52,Yes
STU_0430,1.49,53,6.6,3,High,51.94,Yes
STU_0431,1.87,59,7.68,4,High,47.15,Yes
STU_0432,1.33,61,5.78,12,High,38.76,No
STU_0433,2.7,67,6.97,5,High,73.91,Yes
STU_0434,4.0,61,6.79,4,High,78.81,Yes
STU_0435,5.48,70,7.27,6,High,96.38,Yes
STU_0436,3.09,64,6.56,8,High,80.67,Yes
STU_0437,5.76,71,6.84,9,High,100.0,Yes
STU_0438,1.73,69,7.99,6,High,60.82,Yes
STU_0439,1.52,60,6.48,6,High,55.48,Yes
STU_0440,2.94,67,5.07,3,High,78.5,Yes
STU_0441,3.5,69,9.1,0,High,69.84,Yes
STU_0442,2.97,71,8.66,13,High,77.79,Yes
STU_0443,1.31,56,5.45,7,High,59.32,Yes
STU_0444,2.9,51,7.83,3,High,74.74,Yes
STU_0445,1.78,60,6.4,0,High,45.31,Yes
STU_0446,3.93,60,7.32,4,Moderate,76.21,Yes
STU_0447,3.48,59,7.35,13,High,70.47,Yes
STU_0448,2.06,62,6.72,13,High,65.0,Yes
STU_0449,2.45,69,6.06,7,High,74.05,Yes
STU_0450,1.97,58,6.17,3,High,74.07,Yes
STU_0451,2.93,64,5.9,12,High,69.54,Yes
STU_0452,4.4,81,6.0,11,Moderate,89.32,Yes
STU_0453,2.03,60,6.92,7,High,72.5,Yes
STU_0454,3.68,85,6.14,7,High,89.67,Yes
STU_0455,2.43,64,7.82,2,Moderate,78.64,Yes
STU_0456,2.19,44,8.78,8,High,62.41,Yes
STU_0457,2.88,67,6.3,2,High,64.64,Yes
STU_0458,1.99,61,7.29,0,High,52.53,Yes
STU_0459,2.41,69,7.6,1,High,57.39,Yes
STU_0460,1.86,62,7.57,14,High,67.5,Yes
STU_0461,6.59,75,7.09,5,High,100.0,Yes
STU_0462,3.05,52,7.89,11,High,85.89,Yes
STU_0463,2.27,57,7.58,9,High,71.54,Yes
STU_0464,3.27,56,5.51,1,High,83.8,Yes
STU_0465,2.87,56,8.04,5,High,65.86,Yes
STU_0466,2.75,65,8.06,13,Moderate,62.75,Yes
STU_0467,3.84,78,6.08,0,High,93.6,Yes
STU_0468,4.07,69,7.05,10,High,89.74,Yes
STU_0469,2.43,50,7.82,12,High,65.16,Yes
STU_0470,2.39,63,6.75,0,High,70.9,Yes
STU_0471,2.69,70,8.29,4,High,75.49,Yes
STU_0472,1.2,49,9.84,9,High,61.97,Yes
STU_0473,1.64,55,6.06,12,High,68.26,Yes
STU_0474,5.19,70,5.34,10,Moderate,100.0,Yes
STU_0475,5.8,66,7.36,8,Moderate,100.0,Yes
STU_0476,2.72,66,7.87,13,Moderate,76.11,Yes
STU_0477,3.78,64,6.72,7,High,78.31,Yes
STU_0478,3.4,66,8.74,2,Moderate,84.85,Yes
STU_0479,10.29,84,5.39,14,Moderate,100.0,Yes
STU_0480,4.7,65,7.83,2,High,99.93,Yes
STU_0481,2.85,67,6.27,14,High,64.04,Yes
STU_0482,2.05,55,9.06,0,Moderate,64.29,Yes
STU_0483,1.58,70,9.39,13,High,55.04,Yes
STU_0484,3.26,59,6.08,2,High,79.73,Yes
STU_0485,2.22,60,6.34,14,High,64.93,Yes
STU_0486,1.7,64,8.03,13,High,48.44,Yes
STU_0487,2.32,47,6.54,11,High,65.67,Yes
STU_0488,1.95,43,6.95,11,High,52.78,Yes
STU_0489,5.9,61,7.03,11,Moderate,100.0,Yes
STU_0490,4.27,77,4.7,12,Moderate,90.81,Yes
STU_0491,2.99,57,6.98,10,High,75.16,Yes
STU_0492,5.43,92,6.17,0,Moderate,99.24,Yes
STU_0493,3.1,57,6.41,7,High,68.39,Yes
STU_0494,2.13,59,8.73,0,High,60.33,Yes
STU_0495,5.52,84,5.49,4,High,100.0,Yes
STU_0496,3.73,80,7.98,8,High,99.72,Yes
STU_0497,1.98,74,6.67,6,High,60.56,Yes
STU_0498,2.78,70,6.66,3,High,82.41,Yes
STU_0499,2.12,66,7.95,10,High,48.64,Yes
STU_0500,1.73,61,7.41,8,High,51.05,Yes
STU_0501,4.35,73,7.68,8,High,82.73,Yes
STU_0502,6.45,71,8.16,1,Moderate,99.98,Yes
STU_0503,1.72,50,6.6,9,High,44.53,Yes
STU_0504,3.76,65,6.27,9,High,85.4,Yes
STU_0505,2.32,57,5.7,10,High,63.59,Yes
STU_0506,2.47,56,6.01,11,Moderate,69.54,Yes
STU_0507,2.37,65,10.54,5,High,73.72,Yes
STU_0508,2.13,66,8.49,3,High,68.22,Yes
STU_0509,3.06,62,5.38,7,High,79.46,Yes
STU_0510,2.15,70,5.41,11,High,66.94,Yes
STU_0511,3.35,54,7.58,10,High,65.2,Yes
STU_0512,2.94,60,7.66,6,High,80.86,Yes
STU_0513,2.73,55,7.66,6,High,64.09,Yes
STU_0514,2.09,43,6.69,10,Moderate,51.32,Yes
STU_0515,2.39,58,6.85,9,High,64.88,Yes
STU_0516,4.06,65,7.39,8,High,77.8,Yes
STU_0517,3.67,76,7.1,12,Moderate,81.16,Yes
STU_0518,2.03,63,4.34,4,High,66.95,Yes
STU_0519,3.13,54,6.72,5,High,75.29,Yes
STU_0520,4.06,81,5.98,0,Moderate,82.72,Yes
STU_0521,1.54,65,7.21,5,High,56.0,Yes
STU_0522,3.73,69,10.58,1,Moderate,91.59,Yes
STU_0523,2.3,57,7.44,5,High,69.07,Yes
STU_0524,3.77,57,6.62,8,High,96.4,Yes
STU_0525,2.21,55,8.11,7,High,73.04,Yes
STU_0526,1.46,64,7.58,8,High,67.95,Yes
STU_0527,1.57,71,7.5,12,High,50.9,Yes
STU_0528,3.06,74,7.73,14,High,83.91,Yes
STU_0529,3.33,59,9.47,9,Moderate,75.58,Yes
STU_0530,2.09,49,5.64,7,High,56.19,Yes
STU_0531,3.88,66,7.57,2,High,84.94,Yes
STU_0532,1.55,42,5.89,7,High,60.66,Yes
STU_0533,2.93,64,7.67,5,High,77.51,Yes
STU_0534,1.85,56,5.9,12,High,53.27,Yes
STU_0535,2.31,55,6.5,5,High,70.54,Yes
STU_0536,3.06,49,6.65,5,High,65.2,Yes
STU_0537,2.13,62,8.17,2,High,66.63,Yes
STU_0538,2.58,56,8.1,9,High,65.17,Yes
STU_0539,4.49,58,5.51,0,High,85.55,Yes
STU_0540,2.39,40,7.07,11,High,67.03,Yes
STU_0541,4.2,66,6.15,13,High,78.48,Yes
STU_0542,1.91,71,5.49,3,High,80.96,Yes
STU_0543,3.71,78,6.74,9,High,70.93,Yes
STU_0544,5.35,67,6.63,11,Moderate,93.82,Yes
STU_0545,1.12,49,9.91,5,High,53.86,Yes
STU_0546,2.18,62,7.52,10,High,70.07,Yes
STU_0547,3.78,57,5.35,11,High,79.1,Yes
STU_0548,2.77,63,6.32,9,High,71.14,Yes
STU_0549,3.48,70,8.23,1,Moderate,84.08,Yes
STU_0550,2.36,69,9.51,6,High,67.45,Yes
STU_0551,3.11,61,5.1,6,High,85.55,Yes
STU_0552,2.82,59,4.74,10,Moderate,77.61,Yes
STU_0553,4.79,62,9.25,3,High,98.48,Yes
STU_0554,3.33,56,7.47,3,High,67.37,Yes
STU_0555,3.44,61,5.96,14,Moderate,77.06,Yes
STU_0556,2.55,63,7.64,0,High,67.0,Yes
STU_0557,2.47,67,4.0,12,High,61.76,Yes
STU_0558,2.53,53,7.0,1,High,69.08,Yes
STU_0559,3.52,76,7.39,8,High,78.7,Yes
STU_0560,2.54,57,8.11,9,Moderate,72.74,Yes
STU_0561,3.37,63,5.78,7,High,69.04,Yes
STU_0562,6.89,71,7.1,7,Moderate,100.0,Yes
STU_0563,4.26,47,5.89,8,Moderate,74.53,Yes
STU_0564,2.64,67,7.31,14,High,73.25,Yes
STU_0565,4.86,75,5.93,6,High,100.0,Yes
STU_0566,2.55,57,6.51,12,High,63.03,Yes
STU_0567,1.33,55,5.81,8,High,61.62,Yes
STU_0568,2.01,62,7.78,9,High,53.87,Yes
STU_0569,1.42,43,8.03,11,High,63.72,Yes
STU_0570,2.61,56,6.72,1,High,68.01,Yes
STU_0571,3.03,68,7.05,5,High,70.93,Yes
STU_0572,5.87,63,5.26,14,High,100.0,Yes
STU_0573,3.42,66,6.64,2,High,85.47,Yes
STU_0574,2.75,50,6.94,10,High,62.82,Yes
STU_0575,4.19,70,10.14,14,Moderate,81.91,Yes
STU_0576,1.24,54,5.67,5,High,51.83,Yes
STU_0577,3.3,50,8.76,2,High,63.58,Yes
STU_0578,4.09,75,8.2,7,Moderate,100.0,Yes
STU_0579,1.66,50,7.34,14,High,52.07,Yes
STU_0580,4.75,62,9.11,10,Moderate,97.75,Yes
STU_0581,3.44,65,7.45,14,High,80.58,Yes
STU_0582,2.54,69,7.47,12,High,63.22,Yes
STU_0583,3.87,57,6.94,3,High,80.75,Yes
STU_0584,7.45,80,8.47,11,Moderate,100.0,Yes
STU_0585,3.23,66,8.32,9,High,75.59,Yes
STU_0586,3.32,68,6.25,5,Moderate,88.14,Yes
STU_0587,2.5,61,5.42,14,High,76.47,Yes
STU_0588,2.14,55,6.76,8,High,70.25,Yes
STU_0589,4.19,60,6.04,1,High,81.22,Yes
STU_0590,2.13,59,6.92,1,High,55.36,Yes
STU_0591,3.09,53,8.48,6,High,66.89,Yes
STU_0592,2.48,40,6.45,14,High,63.37,Yes
STU_0593,3.64,68,6.95,1,High,86.17,Yes
STU_0594,3.43,70,7.07,1,Moderate,62.93,Yes
STU_0595,4.55,49,8.02,3,High,85.14,Yes
STU_0596,2.45,51,4.3,8,High,66.06,Yes
STU_0597,2.7,65,6.27,7,High,69.28,Yes
STU_0598,2.03,74,7.25,1,High,77.83,Yes
STU_0599,2.52,60,8.44,7,High,71.57,Yes
STU_0600,3.49,58,6.41,3,High,87.78,Yes
STU_0601,4.07,64,4.75,1,Moderate,83.17,Yes
STU_0602,2.08,69,7.74,10,High,74.0,Yes
STU_0603,4.25,61,6.24,9,High,98.88,Yes
STU_0604,5.17,64,5.57,6,High,100.0,Yes
STU_0605,3.54,60,6.25,5,High,69.66,Yes
STU_0606,6.36,67,6.78,13,Moderate,100.0,Yes
STU_0607,2.2,59,6.27,9,High,61.94,Yes
STU_0608,1.83,70,4.35,4,High,68.21,Yes
STU_0609,1.47,58,8.08,10,High,62.59,Yes
STU_0610,5.47,69,8.53,0,Moderate,93.69,Yes
STU_0611,3.9,63,7.78,1,High,83.44,Yes
STU_0612,2.94,49,5.63,7,High,52.94,Yes
STU_0613,3.36,70,6.76,0,High,91.14,Yes
STU_0614,1.92,57,6.99,2,High,57.2,Yes
STU_0615,7.99,80,7.72,1,High,100.0,Yes
STU_0616,3.16,88,7.8,4,High,80.52,Yes
STU_0617,3.14,64,6.12,3,Moderate,84.77,Yes
STU_0618,4.02,60,7.1,12,High,60.5,Yes
STU_0619,3.64,61,7.55,6,High,79.57,Yes
STU_0620,3.29,72,8.75,4,High,78.65,Yes
STU_0621,2.19,59,7.85,7,Moderate,60.97,Yes
STU_0622,3.63,53,7.95,3,High,91.01,Yes
STU_0623,6.38,82,7.1,14,Low,100.0,Yes
STU_0624,5.15,65,8.69,11,High,100.0,Yes
STU_0625,5.68,87,7.49,5,High,100.0,Yes
STU_0626,2.45,68,5.97,3,High,79.99,Yes
STU_0627,2.02,54,8.68,1,High,56.06,Yes
STU_0628,2.86,71,7.84,0,High,69.04,Yes
STU_0629,3.07,62,6.47,13,Moderate,83.07,Yes
STU_0630,4.65,75,6.42,13,Moderate,97.4,Yes
STU_0631,1.53,59,7.36,0,High,45.64,Yes
STU_0632,5.54,65,7.56,7,Moderate,95.59,Yes
STU_0633,2.82,56,7.24,13,High,73.09,Yes
STU_0634,2.53,68,7.37,3,High,77.4,Yes
STU_0635,2.0,55,9.04,4,High,56.07,Yes
STU_0636,1.55,52,8.29,10,High,32.79,No
STU_0637,4.18,59,7.23,7,High,88.69,Yes
STU_0638,3.09,65,8.13,11,High,65.64,Yes
STU_0639,1.79,73,5.76,14,High,48.66,Yes
STU_0640,1.79,48,7.48,6,High,34.64,No
STU_0641,2.63,60,9.17,12,High,75.81,Yes
STU_0642,5.86,84,6.74,7,Moderate,100.0,Yes
STU_0643,2.71,60,5.98,12,High,68.29,Yes
STU_0644,1.65,60,6.22,7,High,70.61,Yes
STU_0645,2.72,52,5.69,5,High,72.9,Yes
STU_0646,2.69,64,6.06,9,Moderate,84.03,Yes
STU_0647,1.02,52,6.56,1,High,39.66,No
STU_0648,2.94,69,5.31,5,High,74.82,Yes
STU_0649,2.74,70,7.02,13,High,60.47,Yes
STU_0650,3.97,86,8.08,0,High,88.66,Yes
STU_0651,6.29,79,5.91,0,High,100.0,Yes
STU_0652,4.71,71,8.82,10,High,98.41,Yes
STU_0653,2.7,62,7.61,2,High,70.96,Yes
STU_0654,1.93,54,8.24,2,High,65.49,Yes
STU_0655,8.41,86,6.21,10,Moderate,100.0,Yes
STU_0656,3.08,59,8.03,12,High,90.74,Yes
STU_0657,3.02,63,5.69,4,High,71.58,Yes
STU_0658,2.98,72,8.07,0,Moderate,68.87,Yes
STU_0659,3.25,54,7.21,9,High,75.67,Yes
STU_0660,2.84,70,7.66,5,High,67.98,Yes
STU_0661,2.39,70,5.59,6,High,81.76,Yes
STU_0662,2.41,58,5.93,9,High,64.23,Yes
STU_0663,2.97,44,7.72,11,High,63.38,Yes
STU_0664,2.42,54,5.86,12,High,61.63,Yes
STU_0665,2.26,69,7.56,10,High,74.05,Yes
STU_0666,3.13,62,5.36,2,Moderate,73.64,Yes
STU_0667,2.71,52,8.02,3,High,62.57,Yes
STU_0668,5.48,67,5.52,9,High,100.0,Yes
STU_0669,1.04,60,7.66,10,High,46.55,Yes
STU_0670,4.65,72,7.75,9,High,93.38,Yes
STU_0671,4.95,67,6.16,13,High,99.82,Yes
STU_0672,1.31,52,7.7,11,High,40.65,Yes
STU_0673,2.62,57,7.31,14,Moderate,72.14,Yes
STU_0674,2.59,52,6.35,9,High,58.06,Yes
STU_0675,1.71,69,5.79,13,High,69.38,Yes
STU_0676,2.2,56,4.64,9,High,56.1,Yes
STU_0677,1.93,67,7.42,9,High,69.94,Yes
STU_0678,6.06,86,5.12,2,Moderate,100.0,Yes
STU_0679,4.37,75,7.11,0,High,98.09,Yes
STU_0680,5.0,66,6.68,7,High,96.81,Yes
STU_0681,4.01,69,7.81,12,Moderate,83.95,Yes
STU_0682,1.91,57,6.64,9,High,56.59,Yes
STU_0683,2.44,52,6.6,9,High,76.77,Yes
STU_0684,3.65,67,7.88,1,High,76.0,Yes
STU_0685,1.84,47,7.4,0,High,49.2,Yes
STU_0686,4.0,75,7.38,13,Moderate,92.82,Yes
STU_0687,2.73,57,7.56,7,High,63.03,Yes
STU_0688,2.59,61,5.16,6,High,61.6,Yes
STU_0689,3.99,68,7.91,6,High,73.75,Yes
STU_0690,3.59,62,7.73,3,High,75.64,Yes
STU_0691,2.6,65,5.78,10,High,69.84,Yes
STU_0692,4.78,65,6.71,8,High,94.24,Yes
STU_0693,1.95,64,6.95,5,High,71.31,Yes
STU_0694,3.84,54,6.84,1,High,83.82,Yes
STU_0695,3.81,66,7.4,13,High,81.37,Yes
STU_0696,2.65,76,8.72,0,High,72.71,Yes
STU_0697,3.42,55,8.3,0,High,79.78,Yes
STU_0698,1.82,51,5.43,8,High,68.68,Yes
STU_0699,4.35,71,7.75,3,High,90.81,Yes
STU_0700,2.79,62,8.59,4,High,67.75,Yes
STU_0701,2.44,62,7.46,2,High,60.06,Yes
STU_0702,4.57,72,8.31,3,High,80.74,Yes
STU_0703,2.27,64,9.41,11,High,72.23,Yes
STU_0704,1.71,65,8.23,7,High,66.22,Yes
STU_0705,1.61,59,7.3,12,High,63.42,Yes
STU_0706,3.83,63,8.25,3,High,81.17,Yes
STU_0707,1.8,62,7.17,8,High,72.86,Yes
STU_0708,6.06,89,7.03,8,High,100.0,Yes
STU_0709,1.31,54,6.58,5,High,61.94,Yes
STU_0710,5.92,65,8.88,1,High,100.0,Yes
STU_0711,3.27,71,6.02,11,Moderate,74.13,Yes
STU_0712,2.89,60,8.84,9,Moderate,76.64,Yes
STU_0713,2.42,42,7.6,10,High,65.08,Yes
STU_0714,3.52,70,5.32,6,Moderate,84.06,Yes
STU_0715,2.96,57,7.44,8,High,72.35,Yes
STU_0716,4.67,67,4.48,5,High,91.5,Yes
STU_0717,3.14,65,7.75,2,High,95.01,Yes
STU_0718,3.19,64,8.06,13,High,85.57,Yes
STU_0719,2.6,66,6.29,14,High,76.58,Yes
STU_0720,2.94,58,7.15,6,High,72.69,Yes
STU_0721,3.4,67,9.34,4,High,87.16,Yes
STU_0722,1.52,54,6.39,0,High,60.54,Yes
STU_0723,1.75,62,5.73,2,Moderate,61.31,Yes
STU_0724,4.04,71,8.78,4,Moderate,84.27,Yes
STU_0725,3.22,55,9.36,6,High,73.05,Yes
STU_0726,2.79,69,7.0,2,High,48.24,Yes
STU_0727,3.03,57,8.21,5,High,74.08,Yes
STU_0728,3.45,70,8.61,4,High,76.59,Yes
STU_0729,2.42,62,6.11,12,Moderate,80.54,Yes
STU_0730,2.2,73,6.42,0,Moderate,69.05,Yes
STU_0731,3.25,61,8.48,9,High,66.29,Yes
STU_0732,2.03,55,9.02,5,High,61.4,Yes
STU_0733,3.54,64,7.68,13,Moderate,71.23,Yes
STU_0734,1.52,53,5.94,7,High,59.89,Yes
STU_0735,4.53,74,9.38,12,High,94.83,Yes
STU_0736,3.63,51,6.36,12,High,84.26,Yes
STU_0737,3.33,54,6.6,0,High,68.17,Yes
STU_0738,4.45,59,7.41,1,High,87.47,Yes
STU_0739,5.85,81,8.86,13,Moderate,96.88,Yes
STU_0740,4.51,81,8.02,14,Moderate,100.0,Yes
STU_0741,1.44,54,7.5,3,High,59.75,Yes
STU_0742,1.8,55,7.56,11,High,63.47,Yes
STU_0743,2.34,59,7.05,1,High,66.11,Yes
STU_0744,3.04,71,7.67,10,High,80.02,Yes
STU_0745,3.7,57,4.0,8,Moderate,91.93,Yes
STU_0746,2.25,60,6.64,9,High,63.22,Yes
STU_0747,3.24,70,7.29,7,Moderate,79.51,Yes
STU_0748,2.22,62,5.62,7,High,57.11,Yes
STU_0749,2.35,60,7.46,3,High,59.55,Yes
STU_0750,1.71,64,6.75,4,Moderate,62.08,Yes
STU_0751,2.08,40,9.11,3,High,66.63,Yes
STU_0752,1.75,62,8.89,12,High,59.05,Yes
STU_0753,2.03,52,6.44,8,High,59.01,Yes
STU_0754,4.58,53,6.82,12,High,83.44,Yes
STU_0755,2.05,62,6.91,1,High,59.82,Yes
STU_0756,8.61,95,6.46,12,Low,100.0,Yes
STU_0757,3.66,63,7.23,10,High,68.52,Yes
STU_0758,3.23,70,6.09,7,High,88.55,Yes
STU_0759,2.13,71,5.64,1,High,62.28,Yes
STU_0760,3.98,76,7.75,0,High,93.38,Yes
STU_0761,2.39,72,7.76,9,High,60.34,Yes
STU_0762,3.15,68,6.03,2,High,82.25,Yes
STU_0763,8.36,84,8.07,8,Moderate,100.0,Yes
STU_0764,2.89,48,6.24,11,High,71.37,Yes
STU_0765,4.76,67,7.3,2,High,84.74,Yes
STU_0766,2.27,52,7.98,8,High,65.3,Yes
STU_0767,2.96,79,6.96,6,High,68.84,Yes
STU_0768,6.1,72,7.55,12,High,100.0,Yes
STU_0769,2.34,60,6.38,9,High,74.64,Yes
STU_0770,6.2,79,6.76,0,Moderate,100.0,Yes
STU_0771,3.99,66,6.75,9,High,84.82,Yes
STU_0772,2.4,73,6.1,4,High,63.1,Yes
STU_0773,3.87,60,6.79,8,Moderate,86.86,Yes
STU_0774,4.43,69,5.14,11,Moderate,90.16,Yes
STU_0775,3.85,59,6.41,14,Moderate,62.64,Yes
STU_0776,1.6,45,6.66,14,High,60.76,Yes
STU_0777,2.25,54,6.69,2,Moderate,63.51,Yes
STU_0778,2.72,60,6.71,8,Moderate,79.82,Yes
STU_0779,2.92,58,6.93,4,Moderate,62.84,Yes
STU_0780,3.85,59,7.58,8,High,55.79,Yes
STU_0781,3.23,51,8.05,9,High,74.83,Yes
STU_0782,1.76,56,6.22,5,High,61.73,Yes
STU_0783,3.5,51,5.56,8,Moderate,61.77,Yes
STU_0784,3.84,71,5.75,6,Moderate,76.87,Yes
STU_0785,3.76,65,6.42,6,High,100.0,Yes
STU_0786,4.63,56,6.58,7,Moderate,85.66,Yes
STU_0787,4.19,64,6.08,6,High,91.95,Yes
STU_0788,3.61,58,5.44,11,Moderate,73.29,Yes
STU_0789,2.92,64,6.45,8,High,56.68,Yes
STU_0790,1.55,66,7.22,10,High,58.94,Yes
STU_0791,3.57,49,7.71,8,High,73.28,Yes
STU_0792,3.26,63,6.33,5,High,73.3,Yes
STU_0793,3.35,62,6.5,6,High,76.18,Yes
STU_0794,1.8,62,5.89,1,High,63.71,Yes
STU_0795,1.95,59,6.96,14,High,61.0,Yes
STU_0796,4.58,62,5.98,8,High,79.29,Yes
STU_0797,2.96,59,7.69,11,High,76.19,Yes
STU_0798,3.95,59,4.86,12,High,66.61,Yes
STU_0799,3.04,70,6.57,0,Moderate,60.0,Yes
STU_0800,3.04,62,7.36,0,Moderate,79.91,Yes
STU_0801,4.37,82,7.22,2,Moderate,97.36,Yes
STU_0802,2.44,59,10.23,11,Moderate,66.64,Yes
STU_0803,3.12,56,7.42,5,Moderate,61.84,Yes
STU_0804,2.5,47,5.8,4,High,58.44,Yes
STU_0805,2.52,45,6.89,14,High,61.6,Yes
STU_0806,2.65,47,4.87,1,High,52.83,Yes
STU_0807,3.28,65,6.9,8,High,71.39,Yes
STU_0808,2.48,63,6.0,13,Moderate,73.92,Yes
STU_0809,4.96,57,8.1,12,High,100.0,Yes
STU_0810,2.1,65,6.34,9,High,62.14,Yes
STU_0811,2.79,57,6.86,13,High,76.05,Yes
STU_0812,2.52,61,6.24,3,High,53.19,Yes
STU_0813,5.36,84,9.09,3,Moderate,100.0,Yes
STU_0814,3.25,70,6.61,4,High,72.07,Yes
STU_0815,4.54,66,9.2,14,Moderate,92.66,Yes
STU_0816,1.66,49,7.98,7,Moderate,54.32,Yes
STU_0817,3.34,46,7.58,9,High,82.76,Yes
STU_0818,4.29,61,7.44,3,High,79.2,Yes
STU_0819,3.1,60,7.47,4,High,79.02,Yes
STU_0820,4.6,60,4.69,11,Moderate,86.76,Yes
STU_0821,2.44,58,6.67,3,High,65.53,Yes
STU_0822,5.28,71,8.01,13,High,97.63,Yes
STU_0823,7.54,78,6.94,5,Moderate,100.0,Yes
STU_0824,2.6,55,5.31,11,High,67.39,Yes
STU_0825,2.51,61,6.94,2,High,67.9,Yes
STU_0826,5.37,75,9.04,7,High,100.0,Yes
STU_0827,5.65,63,8.5,5,Moderate,100.0,Yes
STU_0828,2.44,71,6.93,9,High,77.08,Yes
STU_0829,2.54,59,8.14,4,High,75.49,Yes
STU_0830,2.68,60,6.56,12,High,61.4,Yes
STU_0831,1.75,62,4.96,14,High,68.05,Yes
STU_0832,2.08,60,5.89,1,High,54.31,Yes
STU_0833,2.01,65,8.88,9,High,69.3,Yes
STU_0834,2.21,61,6.67,9,Moderate,70.36,Yes
STU_0835,2.96,56,6.71,6,High,56.11,Yes
STU_0836,3.3,66,6.64,1,High,78.54,Yes
STU_0837,5.59,63,9.28,0,High,96.05,Yes
STU_0838,2.02,58,8.95,6,High,56.53,Yes
STU_0839,4.45,67,9.66,4,Moderate,100.0,Yes
STU_0840,2.76,59,6.81,0,High,65.07,Yes
STU_0841,2.95,60,7.35,14,High,66.05,Yes
STU_0842,3.94,50,5.18,3,Moderate,80.01,Yes
STU_0843,1.92,53,8.77,11,High,65.58,Yes
STU_0844,3.5,64,5.6,12,Moderate,78.07,Yes
STU_0845,3.21,64,7.26,3,High,85.63,Yes
STU_0846,3.66,56,5.68,9,High,82.65,Yes
STU_0847,3.37,73,6.29,6,High,63.17,Yes
STU_0848,8.02,75,6.0,8,Moderate,100.0,Yes
STU_0849,2.33,67,6.27,1,High,63.91,Yes
STU_0850,2.43,63,6.35,11,Moderate,72.03,Yes
STU_0851,2.34,54,6.34,13,High,43.6,Yes
STU_0852,2.41,73,8.0,0,High,91.39,Yes
STU_0853,2.33,49,5.67,1,High,67.25,Yes
STU_0854,4.83,76,7.26,6,Moderate,97.29,Yes
STU_0855,5.3,79,8.46,12,Moderate,100.0,Yes
STU_0856,2.39,54,6.38,9,High,83.85,Yes
STU_0857,2.15,69,6.14,5,Moderate,74.17,Yes
STU_0858,3.63,62,6.72,3,High,87.49,Yes
STU_0859,2.41,61,8.42,0,High,68.45,Yes
STU_0860,3.87,67,7.23,12,High,82.67,Yes
STU_0861,3.26,61,6.36,0,High,72.09,Yes
STU_0862,1.64,63,7.58,4,High,53.69,Yes
STU_0863,5.58,78,5.68,14,High,98.7,Yes
STU_0864,6.16,60,7.82,0,Moderate,93.8,Yes
STU_0865,2.35,69,7.49,11,High,68.59,Yes
STU_0866,2.57,46,6.63,14,High,51.02,Yes
STU_0867,3.37,71,5.99,6,High,81.53,Yes
STU_0868,3.43,72,5.94,12,High,80.61,Yes
STU_0869,3.91,56,7.64,10,High,82.08,Yes
STU_0870,6.71,73,8.47,0,High,100.0,Yes
STU_0871,2.8,52,6.24,0,Moderate,93.21,Yes
STU_0872,2.18,57,7.55,1,High,74.78,Yes
STU_0873,1.73,54,4.5,12,High,48.54,Yes
STU_0874,2.24,65,6.3,13,Moderate,68.76,Yes
STU_0875,2.96,72,6.96,10,High,71.34,Yes
STU_0876,6.16,85,5.91,11,High,100.0,Yes
STU_0877,2.44,55,5.88,9,High,55.18,Yes
STU_0878,3.29,61,6.2,2,High,79.66,Yes
STU_0879,2.98,48,7.35,12,Moderate,63.75,Yes
STU_0880,4.83,62,6.78,10,High,99.64,Yes
STU_0881,8.25,90,4.31,14,Moderate,100.0,Yes
STU_0882,2.43,72,4.46,0,High,81.89,Yes
STU_0883,2.47,50,6.27,14,Moderate,57.88,Yes
STU_0884,4.56,63,7.55,8,Moderate,93.3,Yes
STU_0885,3.95,65,4.0,9,High,89.06,Yes
STU_0886,6.29,77,6.4,7,High,100.0,Yes
STU_0887,3.79,58,6.37,4,Moderate,74.13,Yes
STU_0888,2.6,63,8.67,12,High,82.78,Yes
STU_0889,3.8,61,6.54,10,High,83.12,Yes
STU_0890,4.68,68,7.46,1,High,97.29,Yes
STU_0891,4.17,71,7.17,4,High,81.42,Yes
STU_0892,3.68,64,4.44,5,High,71.25,Yes
STU_0893,4.6,64,7.92,13,Moderate,85.64,Yes
STU_0894,4.8,68,7.26,14,Moderate,92.41,Yes
STU_0895,5.22,70,7.61,0,Moderate,89.69,Yes
STU_0896,3.89,62,11.0,10,High,82.42,Yes
STU_0897,2.81,59,4.5,3,High,57.29,Yes
STU_0898,3.19,75,9.07,8,High,70.44,Yes
STU_0899,4.87,73,6.66,1,High,100.0,Yes
STU_0900,2.17,56,7.34,4,High,68.33,Yes
STU_0901,3.48,69,6.95,0,High,77.36,Yes
STU_0902,2.57,57,6.49,3,High,59.66,Yes
STU_0903,3.04,71,6.32,3,High,68.48,Yes
STU_0904,5.01,72,7.4,5,Moderate,93.71,Yes
STU_0905,3.24,62,5.18,9,High,81.16,Yes
STU_0906,3.06,65,7.9,8,High,82.53,Yes
STU_0907,1.74,44,6.5,2,High,51.63,Yes
STU_0908,4.05,57,5.64,8,Moderate,73.37,Yes
STU_0909,3.89,56,6.46,5,High,82.84,Yes
STU_0910,7.14,79,8.51,6,Moderate,100.0,Yes
STU_0911,2.66,74,6.36,11,Moderate,69.65,Yes
STU_0912,3.28,80,7.43,9,High,92.4,Yes
STU_0913,3.32,68,6.12,1,High,85.22,Yes
STU_0914,5.65,76,7.91,10,Moderate,100.0,Yes
STU_0915,2.89,47,7.82,9,Moderate,57.82,Yes
STU_0916,3.36,59,9.22,13,High,77.99,Yes
STU_0917,3.83,59,6.79,5,High,89.5,Yes
STU_0918,3.24,57,7.8,5,High,71.49,Yes
STU_0919,2.51,58,7.12,1,High,78.31,Yes
STU_0920,3.25,59,8.56,1,High,85.54,Yes
STU_0921,4.62,52,6.14,13,High,100.0,Yes
STU_0922,1.99,63,7.89,1,High,66.24,Yes
STU_0923,3.17,54,6.77,9,High,77.6,Yes
STU_0924,2.27,60,6.92,11,Moderate,77.01,Yes
STU_0925,4.85,85,7.11,0,High,100.0,Yes
STU_0926,1.63,49,7.3,4,High,51.99,Yes
STU_0927,2.4,40,6.86,7,High,57.41,Yes
STU_0928,3.49,61,7.26,1,High,80.11,Yes
STU_0929,5.62,81,8.89,12,Moderate,95.18,Yes
STU_0930,2.93,77,8.18,14,High,76.25,Yes
STU_0931,2.41,49,8.04,4,High,72.57,Yes
STU_0932,6.38,79,6.45,11,High,94.97,Yes
STU_0933,1.68,52,5.93,7,High,69.68,Yes
STU_0934,1.25,54,8.15,9,High,62.68,Yes
STU_0935,3.58,85,8.05,13,High,82.62,Yes
STU_0936,2.46,47,8.77,4,High,68.05,Yes
STU_0937,2.0,60,6.28,1,High,63.03,Yes
STU_0938,3.99,69,6.72,2,Moderate,95.44,Yes
STU_0939,3.31,71,5.03,14,High,87.26,Yes
STU_0940,2.4,60,6.53,5,High,55.8,Yes
STU_0941,1.8,59,8.2,10,High,65.4,Yes
STU_0942,4.26,63,6.44,10,High,84.85,Yes
STU_0943,3.9,67,7.77,4,High,84.76,Yes
STU_0944,2.89,58,6.77,10,Moderate,65.47,Yes
STU_0945,6.29,80,7.39,3,Moderate,100.0,Yes
STU_0946,1.96,54,5.62,3,High,69.12,Yes
STU_0947,1.63,59,7.1,4,High,53.08,Yes
STU_0948,2.28,58,4.0,1,High,54.52,Yes
STU_0949,2.95,70,6.78,8,High,72.41,Yes
STU_0950,3.31,62,5.04,1,Moderate,80.18,Yes
STU_0951,2.73,46,8.45,9,High,68.02,Yes
STU_0952,3.46,73,7.93,1,High,91.53,Yes
STU_0953,1.82,50,7.56,9,High,64.52,Yes
STU_0954,5.35,66,8.83,13,High,100.0,Yes
STU_0955,2.91,56,5.86,8,High,73.51,Yes
STU_0956,4.7,79,9.1,13,Moderate,84.59,Yes
STU_0957,3.45,46,8.12,2,High,71.73,Yes
STU_0958,3.61,89,6.72,14,High,96.28,Yes
STU_0959,3.77,73,8.36,9,High,84.19,Yes
STU_0960,3.59,66,5.67,6,High,84.72,Yes
STU_0961,3.88,65,6.01,3,Moderate,80.75,Yes
STU_0962,5.11,72,6.27,12,High,89.46,Yes
STU_0963,3.25,67,6.37,12,High,76.61,Yes
STU_0964,3.99,71,5.73,5,High,88.67,Yes
STU_0965,2.9,66,8.47,13,High,68.55,Yes
STU_0966,5.34,72,6.69,3,High,98.11,Yes
STU_0967,2.29,57,7.42,9,High,57.48,Yes
STU_0968,6.17,73,6.32,14,Moderate,100.0,Yes
STU_0969,2.96,60,4.82,6,High,70.24,Yes
STU_0970,1.7,65,7.32,0,High,73.12,Yes
STU_0971,3.16,67,4.71,2,High,88.93,Yes
STU_0972,2.29,40,6.92,12,High,59.25,Yes
STU_0973,4.2,72,5.36,2,High,80.53,Yes
STU_0974,2.31,60,9.38,0,High,49.41,Yes
STU_0975,2.51,59,8.09,5,High,56.02,Yes
STU_0976,1.41,52,7.13,14,High,43.71,Yes
STU_0977,2.51,69,8.52,12,High,81.83,Yes
STU_0978,1.14,62,5.98,10,High,55.93,Yes
STU_0979,1.59,50,7.65,13,High,59.02,Yes
STU_0980,4.07,69,7.24,8,Moderate,68.64,Yes
STU_0981,4.11,58,7.32,7,High,73.92,Yes
STU_0982,3.56,53,8.53,10,High,83.6,Yes
STU_0983,2.04,53,7.88,6,High,63.59,Yes
STU_0984,2.95,68,7.35,9,Moderate,73.72,Yes
STU_0985,3.0,69,5.01,7,High,80.22,Yes
STU_0986,1.89,61,5.85,5,Moderate,75.29,Yes
STU_0987,5.48,77,6.85,8,High,100.0,Yes
STU_0988,4.27,71,7.11,2,High,89.55,Yes
STU_0989,2.75,55,5.64,14,High,70.54,Yes
STU_0990,3.04,65,9.89,9,High,94.04,Yes
STU_0991,3.27,69,8.82,9,Moderate,61.61,Yes
STU_0992,1.33,61,7.72,8,High,62.07,Yes
STU_0993,2.72,70,7.09,3,Moderate,72.28,Yes
STU_0994,2.29,64,6.75,6,High,71.63,Yes
STU_0995,2.01,60,5.86,14,Moderate,57.84,Yes
STU_0996,2.68,69,7.09,12,High,72.11,Yes
STU_0997,6.17,74,7.31,8,Low,100.0,Yes
STU_0998,3.88,58,5.51,1,High,100.0,Yes
STU_0999,2.39,58,7.4,1,High,72.76,Yes
STU_1000,3.78,59,6.81,8,High,73.72,Yes
